Hogar, Juguetería y Librería > Hogar > Cocina y Mesa		none	231
Licores, Bebidas y Aguas > Vinos > Vinos Tintos	licores-bebidas-y-aguas/vinos/vinos-tintos	exact	207
Despensa > Aceites, Sal y Condimentos > Condimentos	despensa/aceites-sal-y-condimentos/condimentos	exact	140
Cuidado Personal y Bebé > Cuidado Capilar > Shampoo	cuidado-personal-y-bebe/cuidado-capilar	prefix	98
Licores, Bebidas y Aguas > Jugos > Jugos y Néctar	licores-bebidas-y-aguas/jugos/jugos-y-nectar	exact	94
Frutas y Verduras > Verduras > Verdura	frutas-y-verduras/verduras	prefix	92
Limpieza > Accesorios de Limpieza > Guantes, Esponjas y Paños	limpieza/accesorios-de-limpieza/guantes-esponjas-y-panos	exact	89
Licores, Bebidas y Aguas > Cervezas > Cervezas Tradicionales	licores-bebidas-y-aguas/cervezas/cervezas-tradicionales	exact	80
Despensa > Fideos, Pastas y Salsas > Pastas y Fideos	despensa/fideos-pastas-y-salsas/pastas-y-fideos	exact	76
Cuidado Personal y Bebé > Bebé > Perfumería Infantil	cuidado-personal-y-bebe/bebe/perfumeria-infantil	exact	71
Quesos y Fiambres > Quesos > Especiales y Tablas de Quesos	quesos-y-fiambres/quesos/especiales-y-tablas-de-quesos	exact	69
Chocolates, Galletas y Snacks > Chocolates > Chocolates en Barra	chocolates-galletas-y-snacks/chocolates/chocolates-en-barra	exact	65
Despensa > Aderezos y Salsas > Aderezos, Salsas Soya y Otros	despensa/aderezos-y-salsas/aderezos-salsas-soya-y-otros	exact	64
Cuidado Personal y Bebé > Cuidado Capilar > Acondicionadores	cuidado-personal-y-bebe/cuidado-capilar/acondicionadores	exact	63
Hogar, Juguetería y Librería > Librería y Escolares > Lápices, Plumones y Destacadores		none	63
Carnes y Pescados > Vacuno > Carnes de Uso Diario	carnes-y-pescados	prefix	62
Licores, Bebidas y Aguas > Espumantes y Sidras	licores-bebidas-y-aguas/espumantes-y-sidras	exact	56
Lácteos, Huevos y Congelados > Leches > Leche Líquida	lacteos-huevos-y-congelados/leches/leche-liquida	exact	56
Mascotas > Perros > Snacks, Salsas y Huesos	mascotas/perros/snacks-salsas-y-huesos	exact	56
Licores, Bebidas y Aguas > Cervezas > Cervezas Artesanales	licores-bebidas-y-aguas/cervezas/cervezas-artesanales	exact	55
Despensa > Cereales, Avenas y Barras > Cereales	despensa/cereales-avenas-y-barras/cereales	exact	54
Licores, Bebidas y Aguas > Jugos > Jugos Individuales	licores-bebidas-y-aguas/jugos/jugos-individuales	exact	53
Chocolates, Galletas y Snacks > Dulces > Calugas, Masticables y Caramelos	chocolates-galletas-y-snacks/dulces	prefix	50
Limpieza > Pisos y Muebles > Limpiadores Piso	limpieza/pisos-y-muebles/limpiadores-piso	exact	50
Lácteos, Huevos y Congelados > Yoghurt > Yoghurt Batido	lacteos-huevos-y-congelados/yoghurt/yoghurt-batido	exact	49
Despensa > Aceites, Sal y Condimentos > Aceites de Oliva	despensa/aceites-sal-y-condimentos	prefix	47
Licores, Bebidas y Aguas > Vinos > Vinos Blancos	licores-bebidas-y-aguas/vinos/vinos-blancos	exact	47
Quesos y Fiambres > Fiambres > Jamones	quesos-y-fiambres/fiambres/jamones	exact	46
Carnes y Pescados > Vacuno > Carnes Premium	carnes-y-pescados	prefix	45
Chocolates, Galletas y Snacks > Snacks > Maní y Frutos Secos	chocolates-galletas-y-snacks/snacks	prefix	45
Cuidado Personal y Bebé > Cuidado Capilar > Tratamiento Capilar	cuidado-personal-y-bebe/cuidado-capilar/tratamiento-capilar	exact	45
Limpieza > Limpieza de Ropa > Prelavado, Quitamanchas y Aprestos	limpieza/limpieza-de-ropa/prelavado-quitamanchas-y-aprestos	exact	45
Lácteos, Huevos y Congelados > Helados y Postres > Helados Premium	lacteos-huevos-y-congelados/helados-y-postres/helados-premium	exact	44
Cuidado Personal y Bebé > Bebé > Colados, Picados y Otros	cuidado-personal-y-bebe/bebe/colados-picados-y-otros	exact	43
Panadería y Pastelería > Panadería envasada > Pan de Molde	panaderia-y-pasteleria/panaderia-envasada	prefix	43
Cuidado Personal y Bebé > Cuidado Capilar > Coloración y Tintura de Pelo	cuidado-personal-y-bebe/cuidado-capilar/coloracion-y-tintura-de-pelo	exact	41
Hogar, Juguetería y Librería > Librería y Escolares > Cuadernos		none	41
Chocolates, Galletas y Snacks > Snacks > Papas Fritas	chocolates-galletas-y-snacks/snacks/papas-fritas	exact	40
Cuidado Personal y Bebé > Higiene Bucal > Pasta Dental	cuidado-personal-y-bebe/higiene-bucal/pasta-dental	exact	40
Despensa > Fideos, Pastas y Salsas > Salsas para Pastas	despensa/fideos-pastas-y-salsas/salsas-para-pastas	exact	39
Hogar, Juguetería y Librería > Librería y Escolares > Artes y Manualidades		none	39
Quesos y Fiambres > Aceitunas, Pepinillos y Otros > Aceitunas	quesos-y-fiambres/aceitunas-pepinillos-y-otros/aceitunas	exact	39
Chocolates, Galletas y Snacks > Chocolates > Bombones y Trufas	chocolates-galletas-y-snacks/chocolates/bombones-y-trufas	exact	38
Cuidado Personal y Bebé > Protección Femenina > Toallas Higiénicas y Tampones	cuidado-personal-y-bebe/proteccion-femenina/toallas-higienicas-y-tampones	exact	38
Frutas y Verduras > Frutas > Fruta	frutas-y-verduras/frutas	prefix	38
Cuidado Personal y Bebé > Higiene Bucal > Cepillo Dental	cuidado-personal-y-bebe/higiene-bucal/cepillo-dental	exact	37
Despensa > Aderezos y Salsas > Mostazas	despensa/aderezos-y-salsas/mostazas	exact	37
Despensa > Cereales, Avenas y Barras > Barras de Cereal	despensa/cereales-avenas-y-barras/barras-de-cereal	exact	37
Hogar, Juguetería y Librería > Librería y Escolares > Libros		none	37
Frutas y Verduras > Frutos Secos y Semillas > Frutos Secos	frutas-y-verduras/frutos-secos-y-semillas/frutos-secos	exact	36
Frutas y Verduras > Verduras > Ensaladas	frutas-y-verduras/verduras/ensaladas	exact	36
Licores, Bebidas y Aguas > Aguas > Aguas Minerales	licores-bebidas-y-aguas/aguas/aguas-minerales	exact	36
Limpieza > Aerosoles y Aromatizantes > Desodorantes Ambientales	limpieza/aerosoles-y-aromatizantes/desodorantes-ambientales	exact	36
Limpieza > Pisos y Muebles > Traperos y Mopas	limpieza/pisos-y-muebles/traperos-y-mopas	exact	36
Quesos y Fiambres > Quesos > Mantecosos y Chanco	quesos-y-fiambres/quesos/mantecosos-y-chanco	exact	36
Despensa > Azúcar y Endulzantes > Endulzantes	despensa/azucar-y-endulzantes/endulzantes	exact	35
Despensa > Conservas > Fruta en Conserva	despensa/conservas/fruta-en-conserva	exact	35
Mascotas > Perros > Alimentos Secos Perros	mascotas/perros/alimentos-secos-perros	exact	35
Cuidado Personal y Bebé > Cuidado Corporal > Cremas y Cuidado Corporal	cuidado-personal-y-bebe/cuidado-corporal/cremas-y-cuidado-corporal	exact	34
Despensa > Conservas > Conservas de Mariscos	despensa/conservas/conservas-de-mariscos	exact	34
Hogar, Juguetería y Librería > Hogar > Organización		none	34
Licores, Bebidas y Aguas > Aguas > Aguas Saborizadas	licores-bebidas-y-aguas/aguas/aguas-saborizadas	exact	34
Panadería y Pastelería > Pastelería > Muffins, Queques y Magdalenas	panaderia-y-pasteleria/pasteleria/muffins-queques-y-magdalenas	exact	34
Cuidado Personal y Bebé > Bebé > Pañales y Toallas Húmedas	cuidado-personal-y-bebe/bebe/panales-y-toallas-humedas	exact	33
Cuidado Personal y Bebé > Jabones > Jabones Líquidos	cuidado-personal-y-bebe/jabones/jabones-liquidos	exact	33
Experiencias Jumbo > Comidas Preparadas > Pastas Frescas y Salsas	experiencias-jumbo/comidas-preparadas/pastas-frescas-y-salsas	exact	33
Hogar, Juguetería y Librería > Hogar > Celebraciones		none	33
Carnes y Pescados > Vacuno > Carnes Americana	carnes-y-pescados	prefix	32
Cuidado Personal y Bebé > Desodorantes > Desodorantes en Aerosol	cuidado-personal-y-bebe/desodorantes/desodorantes-en-aerosol	exact	32
Despensa > Café y Cafeteras > Café en Grano	despensa/cafe-y-cafeteras/cafe-en-grano	exact	32
Despensa > Conservas > Conservas de Verduras	despensa/conservas/conservas-de-verduras	exact	32
Hogar, Juguetería y Librería > Juguetería > Muñecas		none	32
Limpieza > Baño > Cloros y Cloro Gel	limpieza/bano	prefix	32
Despensa > Conservas > Conservas de Pescado	despensa/conservas/conservas-de-pescado	exact	31
Hogar, Juguetería y Librería > Electro y Tecnología > Electrodomésticos		none	31
Hogar, Juguetería y Librería > Juguetería > Autos y Autopistas		none	31
Hogar, Juguetería y Librería > Librería y Escolares > Artículos de Oficina		none	31
Limpieza > Accesorios de Limpieza > Escobas, Palas y Plumeros	limpieza/accesorios-de-limpieza/escobas-palas-y-plumeros	exact	31
Quesos y Fiambres > Fiambres > Salames y Tocinos	quesos-y-fiambres/fiambres/salames-y-tocinos	exact	31
Despensa > Aderezos y Salsas > Ají y Salsas Picantes	despensa/aderezos-y-salsas/aji-y-salsas-picantes	exact	30
Despensa > Cereales, Avenas y Barras > Avena y Granola	despensa/cereales-avenas-y-barras/avena-y-granola	exact	30
Farmacia > Dermocosmética > Cuidado Facial	farmacia/dermocosmetica	prefix	30
Limpieza > Limpieza de Ropa > Detergente Líquido	limpieza/limpieza-de-ropa/detergente-liquido	exact	30
Quesos y Fiambres > Fiambres > Pechuga de Pavo y Pollo	quesos-y-fiambres/fiambres/pechuga-de-pavo-y-pollo	exact	30
Despensa > Sopas, Cremas e Instantáneos > Cremas y Sopas	despensa/sopas-cremas-e-instantaneos/cremas-y-sopas	exact	29
Quesos y Fiambres > Salchichas y Parrilleros > Longanizas y Chorizos	quesos-y-fiambres/salchichas-y-parrilleros/longanizas-y-chorizos	exact	29
Chocolates, Galletas y Snacks > Dulces > Gomitas y Chicles	chocolates-galletas-y-snacks/dulces	prefix	28
Cuidado Personal y Bebé > Cuidado Capilar > Cepillos de Pelo y Accesorios	cuidado-personal-y-bebe/cuidado-capilar/cepillos-de-pelo-y-accesorios	exact	28
Despensa > Aceites, Sal y Condimentos > Sal	despensa/aceites-sal-y-condimentos/sal	exact	28
Despensa > Aderezos y Salsas > Mayonesa	despensa/aderezos-y-salsas/mayonesa	exact	28
Despensa > Té, Infusiones y Mate > Té Negro Ceylán	despensa/te-infusiones-y-mate/te-negro-ceylan	exact	28
Farmacia > Higiene Bucal Especialidad > Cepillos Dentales	farmacia/higiene-bucal-especialidad/cepillos-dentales	exact	28
Licores, Bebidas y Aguas > Jugos > Jugos Frescos	licores-bebidas-y-aguas/jugos/jugos-frescos	exact	28
Limpieza > Accesorios de Limpieza > Bolsas de Basura y Bolsas Reutilizables	limpieza/accesorios-de-limpieza/bolsas-de-basura-y-bolsas-reutilizables	exact	28
Limpieza > Cocina > Limpiadores Cocina	limpieza/cocina/limpiadores-cocina	exact	28
Quesos y Fiambres > Quesos > Cabra y Oveja	quesos-y-fiambres/quesos/cabra-y-oveja	exact	28
Cuidado Personal y Bebé > Cuidado Masculino > Máquinas y Repuestos de Afeitar	cuidado-personal-y-bebe/cuidado-masculino/maquinas-y-repuestos-de-afeitar	exact	27
Hogar, Juguetería y Librería > Electro y Tecnología > Tecnología		none	27
Hogar, Juguetería y Librería > Juguetería > Juguetes Bebés y Preescolares		none	27
Lácteos, Huevos y Congelados > Leches Cultivadas y Bebidas Lácteas > Bebidas Lácteas y Probióticos	lacteos-huevos-y-congelados/leches-cultivadas-y-bebidas-lacteas/bebidas-lacteas-y-probioticos	exact	27
Cuidado Personal y Bebé > Solares y Autobronceantes	cuidado-personal-y-bebe/solares-y-autobronceantes	exact	26
Despensa > Cereales, Avenas y Barras > Barras de Proteína	despensa/cereales-avenas-y-barras/barras-de-proteina	exact	26
Despensa > Té, Infusiones y Mate > Té Saborizados y Especiales	despensa/te-infusiones-y-mate/te-saborizados-y-especiales	exact	26
Mascotas > Gatos > Alimentos Secos Gatos	mascotas/gatos/alimentos-secos-gatos	exact	26
Panadería y Pastelería > Pastelería > Pasteles, Galletas y Masas Dulces	panaderia-y-pasteleria/pasteleria/pasteles-galletas-y-masas-dulces	exact	26
Quesos y Fiambres > Aceitunas, Pepinillos y Otros > Pepinillos y Pickles	quesos-y-fiambres/aceitunas-pepinillos-y-otros/pepinillos-y-pickles	exact	26
Cuidado Personal y Bebé > Bebé > Accesorios de Bebé	cuidado-personal-y-bebe/bebe/accesorios-de-bebe	exact	25
Despensa > Mermeladas, Miel y Otros > Mermeladas	despensa/mermeladas-miel-y-otros/mermeladas	exact	25
Despensa > Sopas, Cremas e Instantáneos > Caldos	despensa/sopas-cremas-e-instantaneos/caldos	exact	25
Licores, Bebidas y Aguas > Jugos > Jugos en Polvo	licores-bebidas-y-aguas/jugos/jugos-en-polvo	exact	25
Limpieza > Aerosoles y Aromatizantes > Insecticidas	limpieza/aerosoles-y-aromatizantes/insecticidas	exact	25
Lácteos, Huevos y Congelados > Helados y Postres > Helados Tradicionales	lacteos-huevos-y-congelados/helados-y-postres/helados-tradicionales	exact	25
Lácteos, Huevos y Congelados > Yoghurt > Yoghurt Sin Lactosa	lacteos-huevos-y-congelados/yoghurt/yoghurt-sin-lactosa	exact	25
Panadería y Pastelería > Pastelería > Tortas	panaderia-y-pasteleria/pasteleria/tortas	exact	25
Quesos y Fiambres > Aceitunas, Pepinillos y Otros > Chucrut y Otros	quesos-y-fiambres/aceitunas-pepinillos-y-otros/chucrut-y-otros	exact	25
Quesos y Fiambres > Fiambres > Jamón Serrano, Lomo Kassler y Otros	quesos-y-fiambres/fiambres/jamon-serrano-lomo-kassler-y-otros	exact	25
Quesos y Fiambres > Quesos > Chacras, Frescos y Quesillos	quesos-y-fiambres/quesos/chacras-frescos-y-quesillos	exact	25
Chocolates, Galletas y Snacks > Chocolates > Chocolates y Tentaciones	chocolates-galletas-y-snacks/chocolates/chocolates-y-tentaciones	exact	24
Chocolates, Galletas y Snacks > Galletas Dulces > Galletas Rellenas y Bañadas	chocolates-galletas-y-snacks/galletas-dulces	prefix	24
Chocolates, Galletas y Snacks > Galletas Dulces > Galletas Tradicionales	chocolates-galletas-y-snacks/galletas-dulces	prefix	24
Frutas y Verduras > Frutos Secos y Semillas > Frutas Deshidratadas	frutas-y-verduras/frutos-secos-y-semillas/frutas-deshidratadas	exact	24
Hogar, Juguetería y Librería > Juguetería > Manualidades		none	24
Licores, Bebidas y Aguas > Bebidas Gaseosas > Bebidas Regulares	licores-bebidas-y-aguas	prefix	24
Limpieza > Baño > Limpiadores de Baño	limpieza/bano/limpiadores-de-bano	exact	24
Lácteos, Huevos y Congelados > Hamburguesas > Hamburguesas de Vacuno	lacteos-huevos-y-congelados/hamburguesas/hamburguesas-de-vacuno	exact	24
Lácteos, Huevos y Congelados > Yoghurt > Yoghurt Natural y Griego	lacteos-huevos-y-congelados/yoghurt/yoghurt-natural-y-griego	exact	24
Mascotas > Perros > Cuidado e Higiene Perros	mascotas/perros	prefix	24
Cuidado Personal y Bebé > Cuidado Facial > Cremas e Hidratación Facial	cuidado-personal-y-bebe/cuidado-facial/cremas-e-hidratacion-facial	exact	23
Cuidado Personal y Bebé > Cuidado Facial > Limpieza Facial	cuidado-personal-y-bebe/cuidado-facial/limpieza-facial	exact	23
Licores, Bebidas y Aguas > Bebidas Gaseosas > Bebidas en Lata e Individuales	licores-bebidas-y-aguas	prefix	23
Licores, Bebidas y Aguas > Destilados > Gin	licores-bebidas-y-aguas/destilados/gin	exact	23
Limpieza > Papeles Hogar > Papel Higiénico	limpieza/papeles-hogar/papel-higienico	exact	23
Limpieza > Pisos y Muebles > Ceras y Virutillas	limpieza/pisos-y-muebles/ceras-y-virutillas	exact	23
Cuidado Personal y Bebé > Cuidado Corporal > Accesorios Cuidado Corporal	cuidado-personal-y-bebe/cuidado-corporal/accesorios-cuidado-corporal	exact	22
Despensa > Café y Cafeteras > Cápsulas de Café	despensa/cafe-y-cafeteras/capsulas-de-cafe	exact	22
Frutas y Verduras > Frutas y verduras orgánicas > Verduras Orgánicas	frutas-y-verduras/frutas-y-verduras-organicas	prefix	22
Licores, Bebidas y Aguas > Bebidas Gaseosas > Bebidas Light o Zero Azúcar	licores-bebidas-y-aguas	prefix	22
Licores, Bebidas y Aguas > Destilados > Pisco	licores-bebidas-y-aguas/destilados/pisco	exact	22
Limpieza > Cocina > Lavalozas	limpieza/cocina/lavalozas	exact	22
Lácteos, Huevos y Congelados > Helados y Postres > Helados Multipack	lacteos-huevos-y-congelados/helados-y-postres/helados-multipack	exact	22
Mascotas > Gatos > Alimentos Húmedos Gatos	mascotas/gatos/alimentos-humedos-gatos	exact	22
Despensa > Café y Cafeteras > Café Saborizados y Cremas	despensa/cafe-y-cafeteras/cafe-saborizados-y-cremas	exact	21
Despensa > Sopas, Cremas e Instantáneos > Bases y Salsas	despensa/sopas-cremas-e-instantaneos/bases-y-salsas	exact	21
Hogar, Juguetería y Librería > Automóvil, Ferretería y Jardín > Ferretería		none	21
Licores, Bebidas y Aguas > Bebidas Isotónicas y Sueros > Bebidas Isotónicas	licores-bebidas-y-aguas/bebidas-isotonicas-y-sueros/bebidas-isotonicas	exact	21
Cuidado Personal y Bebé > Desodorantes > Desodorantes en Barra	cuidado-personal-y-bebe/desodorantes/desodorantes-en-barra	exact	20
Licores, Bebidas y Aguas > Infusiones Frías > Té Helado	licores-bebidas-y-aguas/infusiones-frias/te-helado	exact	20
Limpieza > Limpieza de Ropa > Suavizantes y Aromatizantes Tela	limpieza/limpieza-de-ropa/suavizantes-y-aromatizantes-tela	exact	20
Quesos y Fiambres > Quesos > Crema y Untables	quesos-y-fiambres/quesos	prefix	20
Chocolates, Galletas y Snacks > Snacks > Ramitas, Suflés y Otros Snacks	chocolates-galletas-y-snacks/snacks	prefix	19
Cuidado Personal y Bebé > Depilación > Máquinas de Depilación	cuidado-personal-y-bebe/depilacion/maquinas-de-depilacion	exact	19
Despensa > Aderezos y Salsas > Ketchup	despensa/aderezos-y-salsas/ketchup	exact	19
Despensa > Conservas > Compotas y Pouch	despensa/conservas/compotas-y-pouch	exact	19
Hogar, Juguetería y Librería > Juguetería > Juguetes de Roles y Mini Hogar		none	19
Hogar, Juguetería y Librería > Librería y Escolares > Papelería		none	19
Licores, Bebidas y Aguas > Agua Tónica y Ginger Beer > Agua Tónica	licores-bebidas-y-aguas/agua-tonica-y-ginger-beer/agua-tonica	exact	19
Limpieza > Cocina > Lavavajillas	limpieza/cocina/lavavajillas	exact	19
Limpieza > Pisos y Muebles > Lustramuebles y Limpiadores de metales	limpieza/pisos-y-muebles	prefix	19
Lácteos, Huevos y Congelados > Yoghurt > Yoghurt Light y Sin Azúcar	lacteos-huevos-y-congelados/yoghurt/yoghurt-light-y-sin-azucar	exact	19
Quesos y Fiambres > Salchichas y Parrilleros > Salchichas	quesos-y-fiambres/salchichas-y-parrilleros/salchichas	exact	19
Chocolates, Galletas y Snacks > Chocolates > Mazapán y Turrones	chocolates-galletas-y-snacks/chocolates/mazapan-y-turrones	exact	18
Chocolates, Galletas y Snacks > Snacks > Snacks Vegetales	chocolates-galletas-y-snacks/snacks/snacks-vegetales	exact	18
Cuidado Personal y Bebé > Bebé > Leche y Suplementos Infantiles	cuidado-personal-y-bebe/bebe/leche-y-suplementos-infantiles	exact	18
Despensa > Fideos, Pastas y Salsas > Lasañas y Rellenos	despensa/fideos-pastas-y-salsas/lasanas-y-rellenos	exact	18
Despensa > Té, Infusiones y Mate > Infusiones y Hierbas	despensa/te-infusiones-y-mate/infusiones-y-hierbas	exact	18
Licores, Bebidas y Aguas > Destilados > Whisky	licores-bebidas-y-aguas/destilados/whisky	exact	18
Cuidado Personal y Bebé > Higiene Bucal > Enjuague Bucal	cuidado-personal-y-bebe/higiene-bucal/enjuague-bucal	exact	17
Despensa > Arroz, Quinoa, Cuscús > Arroz	despensa/arroz-quinoa-cuscus/arroz	exact	17
Despensa > Conservas > Comidas Listas	despensa/conservas/comidas-listas	exact	17
Licores, Bebidas y Aguas > Cervezas > Cervezas sin Alcohol	licores-bebidas-y-aguas/cervezas	prefix	17
Lácteos, Huevos y Congelados > Verduras Congeladas > Choclos, Arvejas y Primaveras	lacteos-huevos-y-congelados/verduras-congeladas/choclos-arvejas-y-primaveras	exact	17
Lácteos, Huevos y Congelados > Verduras Congeladas > Otras Verduras	lacteos-huevos-y-congelados/verduras-congeladas/otras-verduras	exact	17
Panadería y Pastelería > Panadería envasada > Cocktail y tostadas	panaderia-y-pasteleria/panaderia-envasada	prefix	17
Cuidado Personal y Bebé > Desodorantes > Desodorantes Roll-on	cuidado-personal-y-bebe/desodorantes/desodorantes-roll-on	exact	16
Cuidado Personal y Bebé > Incontinencia y Pañales Adulto > Pañales Adulto	cuidado-personal-y-bebe/incontinencia-y-panales-adulto/panales-adulto	exact	16
Despensa > Harinas, Postres y Repostería > Cremas	despensa/harinas-postres-y-reposteria	prefix	16
Farmacia > Suplementos y Vitaminas > Suplementos Alimenticios	farmacia/suplementos-y-vitaminas/suplementos-alimenticios	exact	16
Hogar, Juguetería y Librería > Juguetería > Juegos de Mesa y Cartas		none	16
Licores, Bebidas y Aguas > Vinos > Sangría, Cóctel de Vino y Coolers	licores-bebidas-y-aguas/vinos/sangria-coctel-de-vino-y-coolers	exact	16
Limpieza > Papeles Hogar > Servilletas	limpieza/papeles-hogar/servilletas	exact	16
Lácteos, Huevos y Congelados > Leches > Saborizantes	lacteos-huevos-y-congelados/leches/saborizantes	exact	16
Lácteos, Huevos y Congelados > Yoghurt > Yoghurt con Proteínas	lacteos-huevos-y-congelados/yoghurt/yoghurt-con-proteinas	exact	16
Quesos y Fiambres > Fiambres > Paté	quesos-y-fiambres/fiambres/pate	exact	16
Chocolates, Galletas y Snacks > Dulces > Alfajores, Pasteles y Queques	chocolates-galletas-y-snacks/dulces	prefix	15
Cuidado Personal y Bebé > Cuidado Corporal > Colonias y Body Mist	cuidado-personal-y-bebe/cuidado-corporal/colonias-y-body-mist	exact	15
Cuidado Personal y Bebé > Cuidado Corporal > Cremas para Manos	cuidado-personal-y-bebe/cuidado-corporal/cremas-para-manos	exact	15
Cuidado Personal y Bebé > Protección Femenina > Calzones y Copas Menstruales	cuidado-personal-y-bebe/proteccion-femenina/calzones-y-copas-menstruales	exact	15
Despensa > Arroz, Quinoa, Cuscús > Quinoa, Cuscús y Semillas	despensa/arroz-quinoa-cuscus/quinoa-cuscus-y-semillas	exact	15
Despensa > Café y Cafeteras > Café Instantáneo	despensa/cafe-y-cafeteras/cafe-instantaneo	exact	15
Despensa > Fideos, Pastas y Salsas > Fideos de Arroz y Legumbres	despensa/fideos-pastas-y-salsas/fideos-de-arroz-y-legumbres	exact	15
Hogar, Juguetería y Librería > Electro y Tecnología > Calefacción		none	15
Lácteos, Huevos y Congelados > Frutas y Pulpas Congeladas > Frutas Congeladas	lacteos-huevos-y-congelados/frutas-y-pulpas-congeladas/frutas-congeladas	exact	15
Lácteos, Huevos y Congelados > Leches > Leche en Polvo	lacteos-huevos-y-congelados/leches/leche-en-polvo	exact	15
Panadería y Pastelería > Pastelería > Pan de Pascua	panaderia-y-pasteleria/pasteleria/pan-de-pascua	exact	15
Quesos y Fiambres > Quesos > Gauda	quesos-y-fiambres/quesos/gauda	exact	15
Quesos y Fiambres > Quesos > Rallados y Granulados	quesos-y-fiambres/quesos/rallados-y-granulados	exact	15
Chocolates, Galletas y Snacks > Pastas para Cóctel y Untables > Salsas y Dip Untables	chocolates-galletas-y-snacks	prefix	14
Cuidado Personal y Bebé > Maquillaje > Maquillaje Ojos	cuidado-personal-y-bebe/maquillaje/maquillaje-ojos	exact	14
Despensa > Aceites, Sal y Condimentos > Aceite	despensa/aceites-sal-y-condimentos/aceite	exact	14
Despensa > Aceites, Sal y Condimentos > Vinagres y Sucedáneos	despensa/aceites-sal-y-condimentos/vinagres-y-sucedaneos	exact	14
Despensa > Arroz, Quinoa, Cuscús > Arroz Preparado	despensa/arroz-quinoa-cuscus/arroz-preparado	exact	14
Despensa > Azúcar y Endulzantes > Azúcar	despensa/azucar-y-endulzantes/azucar	exact	14
Despensa > Café y Cafeteras > Café Liofilizado	despensa/cafe-y-cafeteras/cafe-liofilizado	exact	14
Limpieza > Papeles Hogar > Toallas de Papel	limpieza/papeles-hogar/toallas-de-papel	exact	14
Panadería y Pastelería > Masas y Tortillas > Tortillas	panaderia-y-pasteleria/masas-y-tortillas/tortillas	exact	14
Panadería y Pastelería > Panadería envasada > Pan sin gluten	panaderia-y-pasteleria/panaderia-envasada	prefix	14
Carnes y Pescados > Pollo > Alitas y Trutros de Pollo	carnes-y-pescados/pollo/alitas-y-trutros-de-pollo	exact	13
Chocolates, Galletas y Snacks > Galletas Saladas > Galletas de Cóctel	chocolates-galletas-y-snacks/galletas-saladas	prefix	13
Cuidado Personal y Bebé > Incontinencia y Pañales Adulto > Incontinencia	cuidado-personal-y-bebe/incontinencia-y-panales-adulto/incontinencia	exact	13
Cuidado Personal y Bebé > Protección Femenina > Protectores Diarios	cuidado-personal-y-bebe/proteccion-femenina/protectores-diarios	exact	13
Despensa > Fideos, Pastas y Salsas > Fideos Integrales, Sin Gluten y Otros	despensa/fideos-pastas-y-salsas/fideos-integrales-sin-gluten-y-otros	exact	13
Despensa > Legumbres > Lentejas	despensa/legumbres/lentejas	exact	13
Farmacia > Suplementos y Vitaminas > Vitaminas y Multivitamínicos	farmacia/suplementos-y-vitaminas/vitaminas-y-multivitaminicos	exact	13
Licores, Bebidas y Aguas > Aguas > Aguas Purificadas	licores-bebidas-y-aguas/aguas/aguas-purificadas	exact	13
Licores, Bebidas y Aguas > Bebidas Energéticas	licores-bebidas-y-aguas/bebidas-energeticas	exact	13
Licores, Bebidas y Aguas > Cócteles > Mango y Pisco sour	licores-bebidas-y-aguas/cocteles	prefix	13
Lácteos, Huevos y Congelados > Bebidas Vegetales > Bebidas de Almendras y Coco	lacteos-huevos-y-congelados/bebidas-vegetales	prefix	13
Mascotas > Perros > Alimentos Húmedos Perros	mascotas/perros/alimentos-humedos-perros	exact	13
Quesos y Fiambres > Fiambres > Mortadelas, Arrollados y Otros	quesos-y-fiambres/fiambres/mortadelas-arrollados-y-otros	exact	13
Carnes y Pescados > Pescados > Pescados Congelados	carnes-y-pescados/pescados/pescados-congelados	exact	12
Chocolates, Galletas y Snacks > Snacks > Cabritas	chocolates-galletas-y-snacks/snacks/cabritas	exact	12
Despensa > Té, Infusiones y Mate > Yerba Mate	despensa/te-infusiones-y-mate/yerba-mate	exact	12
Experiencias Jumbo > Comidas Preparadas > Entradas y Ensaladas	experiencias-jumbo/comidas-preparadas/entradas-y-ensaladas	exact	12
Hogar, Juguetería y Librería > Juguetería > Figuras de Acción y Coleccionables		none	12
Licores, Bebidas y Aguas > Infusiones Frías > Kombucha	licores-bebidas-y-aguas/infusiones-frias/kombucha	exact	12
Licores, Bebidas y Aguas > Licores y Spritz > Fernet y Licores de Hierba	licores-bebidas-y-aguas/licores-y-spritz/fernet-y-licores-de-hierba	exact	12
Limpieza > Accesorios de Limpieza > Limpiadores de Calzado	limpieza/accesorios-de-limpieza/limpiadores-de-calzado	exact	12
Limpieza > Accesorios de Limpieza > Otros Accesorios de Limpieza	limpieza/accesorios-de-limpieza/otros-accesorios-de-limpieza	exact	12
Lácteos, Huevos y Congelados > Comidas Congeladas > Comida Chilena	lacteos-huevos-y-congelados/comidas-congeladas/comida-chilena	exact	12
Lácteos, Huevos y Congelados > Comidas Congeladas > Quiches, Sopaipillas y Otros	lacteos-huevos-y-congelados/comidas-congeladas/quiches-sopaipillas-y-otros	exact	12
Lácteos, Huevos y Congelados > Hamburguesas > Hamburguesas Vegetales	lacteos-huevos-y-congelados/hamburguesas/hamburguesas-vegetales	exact	12
Lácteos, Huevos y Congelados > Helados y Postres > Postres y Tortas Heladas	lacteos-huevos-y-congelados/helados-y-postres/postres-y-tortas-heladas	exact	12
Chocolates, Galletas y Snacks > Galletas Dulces > Galletas de Arroz y Quinoa	chocolates-galletas-y-snacks/galletas-dulces/galletas-de-arroz-y-quinoa	exact	11
Chocolates, Galletas y Snacks > Pastas para Cóctel y Untables > Pastas Untables	chocolates-galletas-y-snacks	prefix	11
Chocolates, Galletas y Snacks > Snacks > Cocktail y Tostadas	chocolates-galletas-y-snacks/snacks	prefix	11
Cuidado Personal y Bebé > Cuidado Masculino > Espuma y Crema para Afeitar	cuidado-personal-y-bebe/cuidado-masculino/espuma-y-crema-para-afeitar	exact	11
Despensa > Aceites, Sal y Condimentos > Acetos Balsámicos	despensa/aceites-sal-y-condimentos/acetos-balsamicos	exact	11
Despensa > Harinas, Postres y Repostería > Gelatinas y Flanes	despensa/harinas-postres-y-reposteria/gelatinas-y-flanes	exact	11
Despensa > Legumbres > Porotos	despensa/legumbres/porotos	exact	11
Farmacia > Higiene Bucal Especialidad > Enjuagues, Hilos y Sedas Dentales	farmacia/higiene-bucal-especialidad/enjuagues-hilos-y-sedas-dentales	exact	11
Farmacia > Primeros Auxilios > Curación y Botiquines	farmacia/primeros-auxilios/curacion-y-botiquines	exact	11
Hogar, Juguetería y Librería > Hogar > Ropa de Cama		none	11
Hogar, Juguetería y Librería > Juguetería > Lanzadores y Blaster		none	11
Limpieza > Limpieza de Ropa > Detergente en Polvo	limpieza/limpieza-de-ropa/detergente-en-polvo	exact	11
Mascotas > Perros > Accesorios y Juguetes Perros	mascotas/perros/accesorios-y-juguetes-perros	exact	11
Panadería y Pastelería > Panadería granel > Pan artesanal	panaderia-y-pasteleria/panaderia-granel	prefix	11
Quesos y Fiambres > Quesos > Vegano y Tofu	quesos-y-fiambres/quesos/vegano-y-tofu	exact	11
Carnes y Pescados > Cerdo y Cordero > Costillar y Costillitas	carnes-y-pescados/cerdo-y-cordero/costillar-y-costillitas	exact	10
Carnes y Pescados > Gourmet del Mar	carnes-y-pescados/gourmet-del-mar	exact	10
Carnes y Pescados > Pavo > Filetes y Pechugas de Pavo	carnes-y-pescados/pavo/filetes-y-pechugas-de-pavo	exact	10
Carnes y Pescados > Pescados > Pescados Frescos	carnes-y-pescados/pescados/pescados-frescos	exact	10
Chocolates, Galletas y Snacks > Chocolates > Chocolates de Navidad	chocolates-galletas-y-snacks/chocolates/chocolates-de-navidad	exact	10
Chocolates, Galletas y Snacks > Chocolates > Chocolates sin Azúcar	chocolates-galletas-y-snacks/chocolates/chocolates-sin-azucar	exact	10
Chocolates, Galletas y Snacks > Snacks > Doritos y Tortillas	chocolates-galletas-y-snacks/snacks/doritos-y-tortillas	exact	10
Cuidado Personal y Bebé > Cuidado Corporal > Talcos y Cremas para Pies	cuidado-personal-y-bebe/cuidado-corporal/talcos-y-cremas-para-pies	exact	10
Cuidado Personal y Bebé > Cuidado Facial > Bálsamo y Protector Labial	cuidado-personal-y-bebe/cuidado-facial/balsamo-y-protector-labial	exact	10
Cuidado Personal y Bebé > Cuidado Facial > Tratamientos Faciales	cuidado-personal-y-bebe/cuidado-facial/tratamientos-faciales	exact	10
Experiencias Jumbo > Comidas Preparadas > Empanadas y Sándwiches	experiencias-jumbo/comidas-preparadas/empanadas-y-sandwiches	exact	10
Experiencias Jumbo > Comidas Preparadas > Pascualinas y Quiches	experiencias-jumbo/comidas-preparadas/pascualinas-y-quiches	exact	10
Hogar, Juguetería y Librería > Juguetería > Juegos de Exterior e Inflables		none	10
Hogar, Juguetería y Librería > Juguetería > Peluches		none	10
Licores, Bebidas y Aguas > Bebidas Isotónicas y Sueros > Sueros	licores-bebidas-y-aguas/bebidas-isotonicas-y-sueros/sueros	exact	10
Limpieza > Accesorios de Limpieza > Fósforos y Velas	limpieza/accesorios-de-limpieza/fosforos-y-velas	exact	10
Lácteos, Huevos y Congelados > Huevos > Huevos Tradicionales	lacteos-huevos-y-congelados/huevos/tradicionales	exact	10
Lácteos, Huevos y Congelados > Mantequillas y Margarinas > Mantequillas	lacteos-huevos-y-congelados/mantequillas-y-margarinas/mantequillas	exact	10
Lácteos, Huevos y Congelados > Nuggets, Apanados y Embutidos > Nuggets y Alitas de Pollo	lacteos-huevos-y-congelados/nuggets-apanados-y-embutidos/nuggets-y-alitas-de-pollo	exact	10
Lácteos, Huevos y Congelados > Yoghurt > Yoghurt con Cereales	lacteos-huevos-y-congelados/yoghurt/yoghurt-con-cereales	exact	10
Panadería y Pastelería > Panadería granel > Pan Especial	panaderia-y-pasteleria/panaderia-granel	prefix	10
Carnes y Pescados > Cerdo y Cordero > Malaya y Otros Cortes	carnes-y-pescados/cerdo-y-cordero/malaya-y-otros-cortes	exact	9
Chocolates, Galletas y Snacks > Dulces > Malvas, Marshmallows y Merenguitos	chocolates-galletas-y-snacks/dulces/malvas-marshmallows-y-merenguitos	exact	9
Chocolates, Galletas y Snacks > Galletas Saladas > Galletas Integrales y Salvado	chocolates-galletas-y-snacks/galletas-saladas	prefix	9
Cuidado Personal y Bebé > Desodorantes > Desodorantes Clinical	cuidado-personal-y-bebe/desodorantes/desodorantes-clinical	exact	9
Cuidado Personal y Bebé > Jabones > Jabones en Barra	cuidado-personal-y-bebe/jabones/jabones-en-barra	exact	9
Despensa > Harinas, Postres y Repostería > Harina Blanca	despensa/harinas-postres-y-reposteria/harina-blanca	exact	9
Despensa > Legumbres > Garbanzos y Arvejas	despensa/legumbres/garbanzos-y-arvejas	exact	9
Despensa > Sopas, Cremas e Instantáneos > Comida Instantánea	despensa/sopas-cremas-e-instantaneos/comida-instantanea	exact	9
Hogar, Juguetería y Librería > Automóvil, Ferretería y Jardín > Automóvil		none	9
Hogar, Juguetería y Librería > Hogar > Carbón, Parrillas y Accesorios		none	9
Hogar, Juguetería y Librería > Juguetería > Bloques y Armables		none	9
Limpieza > Baño > Limpiavidrios	limpieza/bano	prefix	9
Limpieza > Baño > Toallas Desinfectantes	limpieza/bano/toallas-desinfectantes	exact	9
Lácteos, Huevos y Congelados > Comidas Congeladas > Pizzas y Pastas Congeladas	lacteos-huevos-y-congelados/comidas-congeladas/pizzas-y-pastas-congeladas	exact	9
Lácteos, Huevos y Congelados > Helados y Postres > Helados Light y Sin Azúcar	lacteos-huevos-y-congelados/helados-y-postres/helados-light-y-sin-azucar	exact	9
Lácteos, Huevos y Congelados > Verduras Congeladas > Papas	lacteos-huevos-y-congelados/verduras-congeladas/papas	exact	9
Mascotas > Gatos > Arenas e Higiene Gatos	mascotas/gatos/arenas-e-higiene-gatos	exact	9
Mascotas > Gatos > Snacks y Salsas	mascotas/gatos	prefix	9
Panadería y Pastelería > Masas y Tortillas > Masas empanadas y pascualinas	panaderia-y-pasteleria/masas-y-tortillas	prefix	9
Panadería y Pastelería > Panadería envasada > Pan Pita	panaderia-y-pasteleria/panaderia-envasada	prefix	9
Panadería y Pastelería > Pastelería > Kuchen, Pie y Tartaletas	panaderia-y-pasteleria/pasteleria/kuchen-pie-y-tartaletas	exact	9
Quesos y Fiambres > Salchichas y Parrilleros > Butifarras y Longanicillas	quesos-y-fiambres/salchichas-y-parrilleros/butifarras-y-longanicillas	exact	9
Carnes y Pescados > Camarones > Camarones Cocidos	carnes-y-pescados/camarones/camarones-cocidos	exact	8
Carnes y Pescados > Pollo > Filetes y Pechugas de Pollo	carnes-y-pescados/pollo	prefix	8
Chocolates, Galletas y Snacks > Galletas Dulces > Galletas de Navidad	chocolates-galletas-y-snacks/galletas-dulces/galletas-de-navidad	exact	8
Cuidado Personal y Bebé > Maquillaje > Esmaltes y Quitaesmaltes	cuidado-personal-y-bebe/maquillaje/esmaltes-y-quitaesmaltes	exact	8
Despensa > Harinas, Postres y Repostería > Bizcocho, Bases y Coberturas de Chocolate	despensa/harinas-postres-y-reposteria/bizcocho-bases-y-coberturas-de-chocolate	exact	8
Despensa > Mermeladas, Miel y Otros > Mantequilla de Maní y Cremas Dulces	despensa/mermeladas-miel-y-otros/mantequilla-de-mani-y-cremas-dulces	exact	8
Despensa > Mermeladas, Miel y Otros > Miel	despensa/mermeladas-miel-y-otros/miel	exact	8
Frutas y Verduras > Frutos Secos y Semillas > Semillas y Granos	frutas-y-verduras/frutos-secos-y-semillas/semillas-y-granos	exact	8
Hogar, Juguetería y Librería > Automóvil, Ferretería y Jardín > Jardín		none	8
Hogar, Juguetería y Librería > Hogar > Decoración		none	8
Hogar, Juguetería y Librería > Juguetería > Figuras de Animales y Dinosaurios		none	8
Licores, Bebidas y Aguas > Cócteles > Cóctel Ice y Ready to Drink	licores-bebidas-y-aguas/cocteles/coctel-ice-y-ready-to-drink	exact	8
Licores, Bebidas y Aguas > Cócteles > Piña Colada y Otros	licores-bebidas-y-aguas/cocteles/pina-colada-y-otros	exact	8
Licores, Bebidas y Aguas > Jugos > Limonadas	licores-bebidas-y-aguas/jugos/limonadas	exact	8
Lácteos, Huevos y Congelados > Huevos > Huevos de Campo y Gallina Libre	lacteos-huevos-y-congelados/huevos/huevos-de-campo-y-gallina-libre	exact	8
Lácteos, Huevos y Congelados > Manjar y Dulce de Leche > Manjar	lacteos-huevos-y-congelados/manjar-y-dulce-de-leche/manjar	exact	8
Lácteos, Huevos y Congelados > Nuggets, Apanados y Embutidos > Apanados	lacteos-huevos-y-congelados/nuggets-apanados-y-embutidos/apanados	exact	8
Lácteos, Huevos y Congelados > Yoghurt > Yoghurt Trozos y Frutas	lacteos-huevos-y-congelados/yoghurt/yoghurt-trozos-y-frutas	exact	8
Carnes y Pescados > Mariscos > Mariscos Congelados	carnes-y-pescados/mariscos/mariscos-congelados	exact	7
Carnes y Pescados > Pescados > Pescados Apanados	carnes-y-pescados/pescados/pescados-apanados	exact	7
Carnes y Pescados > Vacuno > Carnes para Parrilla	carnes-y-pescados	prefix	7
Carnes y Pescados > Vacuno > Carnes para Sartén	carnes-y-pescados	prefix	7
Cuidado Personal y Bebé > Higiene Bucal > Cepillos y Pasta Dental Infantil	cuidado-personal-y-bebe/higiene-bucal/cepillos-y-pasta-dental-infantil	exact	7
Cuidado Personal y Bebé > Jabones > Gel de Ducha	cuidado-personal-y-bebe/jabones/gel-de-ducha	exact	7
Cuidado Personal y Bebé > Maquillaje > Maquillaje Rostro	cuidado-personal-y-bebe/maquillaje/maquillaje-rostro	exact	7
Cuidado Personal y Bebé > Protección Femenina > Jabones Íntimos y Pañitos Húmedos	cuidado-personal-y-bebe/proteccion-femenina/jabones-intimos-y-panitos-humedos	exact	7
Despensa > Harinas, Postres y Repostería > Cacaos y Premezclas	despensa/harinas-postres-y-reposteria/cacaos-y-premezclas	exact	7
Despensa > Harinas, Postres y Repostería > Harina de Maíz, Semóla y Polenta	despensa/harinas-postres-y-reposteria/harina-de-maiz-semola-y-polenta	exact	7
Despensa > Té, Infusiones y Mate > Té Verde	despensa/te-infusiones-y-mate/te-verde	exact	7
Farmacia > Dermocosmética > Protección Solar	farmacia/dermocosmetica/proteccion-solar	exact	7
Farmacia > Higiene Bucal Especialidad > Pastas Dentales	farmacia/higiene-bucal-especialidad/pastas-dentales	exact	7
Hogar, Juguetería y Librería > Electro y Tecnología > Ventilación		none	7
Hogar, Juguetería y Librería > Librería y Escolares > Colecciones, Set de Manualidades y Regalo		none	7
Licores, Bebidas y Aguas > Agua Tónica y Ginger Beer > Ginger Beer	licores-bebidas-y-aguas/agua-tonica-y-ginger-beer/ginger-beer	exact	7
Licores, Bebidas y Aguas > Destilados > Ron	licores-bebidas-y-aguas/destilados/ron	exact	7
Licores, Bebidas y Aguas > Licores y Spritz > Spritz	licores-bebidas-y-aguas/licores-y-spritz/spritz	exact	7
Licores, Bebidas y Aguas > Vinos > Vinos Rosé	licores-bebidas-y-aguas/vinos/vinos-rose	exact	7
Lácteos, Huevos y Congelados > Bebidas Vegetales > Bebidas de Arroz y Avena	lacteos-huevos-y-congelados/bebidas-vegetales	prefix	7
Lácteos, Huevos y Congelados > Churrascos, Lomitos y Otros > Churrascos y Lomitos	lacteos-huevos-y-congelados/churrascos-lomitos-y-otros/churrascos-y-lomitos	exact	7
Lácteos, Huevos y Congelados > Comidas Congeladas > Empanadas Congeladas	lacteos-huevos-y-congelados/comidas-congeladas/empanadas-congeladas	exact	7
Lácteos, Huevos y Congelados > Helados y Postres > Churros, Waffles y Pancakes	lacteos-huevos-y-congelados/helados-y-postres/churros-waffles-y-pancakes	exact	7
Lácteos, Huevos y Congelados > Postres Refrigerados > Postres	lacteos-huevos-y-congelados/postres-refrigerados/postres	exact	7
Lácteos, Huevos y Congelados > Verduras Congeladas > Legumbres Congeladas	lacteos-huevos-y-congelados/verduras-congeladas/legumbres-congeladas	exact	7
Lácteos, Huevos y Congelados > Verduras Congeladas > Sofritos y Mix de Verduras	lacteos-huevos-y-congelados/verduras-congeladas/sofritos-y-mix-de-verduras	exact	7
Panadería y Pastelería > Panadería envasada > Pan Integral y Funcional Envasado	panaderia-y-pasteleria/panaderia-envasada	prefix	7
Carnes y Pescados > Camarones > Camarones Crudos	carnes-y-pescados/camarones/camarones-crudos	exact	6
Carnes y Pescados > Vacuno > Carne Molida y Bistecs	carnes-y-pescados	prefix	6
Chocolates, Galletas y Snacks > Galletas Dulces > Galletones	chocolates-galletas-y-snacks/galletas-dulces/galletones	exact	6
Chocolates, Galletas y Snacks > Galletas Saladas > Galletas de Arroz y Quinoa	chocolates-galletas-y-snacks/galletas-saladas	prefix	6
Cuidado Personal y Bebé > Cuidado Facial > Pétalos y Accesorios	cuidado-personal-y-bebe/cuidado-facial/petalos-y-accesorios	exact	6
Cuidado Personal y Bebé > Cuidado Masculino > Colonias para Hombres	cuidado-personal-y-bebe/cuidado-masculino/colonias-para-hombres	exact	6
Cuidado Personal y Bebé > Packs de Cuidado y Belleza	cuidado-personal-y-bebe/packs-de-cuidado-y-belleza	exact	6
Despensa > Harinas, Postres y Repostería > Salsas para Postres y Esencias	despensa/harinas-postres-y-reposteria/salsas-para-postres-y-esencias	exact	6
Farmacia > Dermocosmética > Cuidado Corporal	farmacia/dermocosmetica/cuidado-corporal	exact	6
Farmacia > Dermocosmética > Higiene y Cuidado Personal	farmacia/dermocosmetica	prefix	6
Farmacia > Primeros Auxilios > Desinfectantes y Repelentes	farmacia/primeros-auxilios/desinfectantes-y-repelentes	exact	6
Hogar, Juguetería y Librería > Deportes > Camping		none	6
Licores, Bebidas y Aguas > Destilados > Vodka	licores-bebidas-y-aguas/destilados/vodka	exact	6
Limpieza > Aerosoles y Aromatizantes > Desinfectantes	limpieza/aerosoles-y-aromatizantes/desinfectantes	exact	6
Limpieza > Limpieza de Ropa > Jabones para Ropa	limpieza/limpieza-de-ropa/jabones-para-ropa	exact	6
Limpieza > Papeles Hogar > Pañuelos	limpieza/papeles-hogar/panuelos	exact	6
Lácteos, Huevos y Congelados > Nuggets, Apanados y Embutidos > Nuggets y Apanados de Verduras	lacteos-huevos-y-congelados/nuggets-apanados-y-embutidos/nuggets-y-apanados-de-verduras	exact	6
Mascotas > Otras Mascotas > Aves	mascotas/otras-mascotas/aves	exact	6
Carnes y Pescados > Cerdo y Cordero > Pulpa y Lomo de Cerdo	carnes-y-pescados/cerdo-y-cordero/pulpa-y-lomo-de-cerdo	exact	5
Carnes y Pescados > Pollo > Pollo Entero	carnes-y-pescados/pollo/pollo-entero	exact	5
Carnes y Pescados > Vacuno > Carnes para Cacerola	carnes-y-pescados	prefix	5
Carnes y Pescados > Vacuno > Carnes para Horno	carnes-y-pescados	prefix	5
Chocolates, Galletas y Snacks > Galletas Dulces > Galletas Mini	chocolates-galletas-y-snacks/galletas-dulces	prefix	5
Chocolates, Galletas y Snacks > Galletas Dulces > Galletas Obleas y Champagne	chocolates-galletas-y-snacks/galletas-dulces	prefix	5
Cuidado Personal y Bebé > Cuidado Capilar > Fijadores, Lacas y Ceras	cuidado-personal-y-bebe/cuidado-capilar/fijadores-lacas-y-ceras	exact	5
Cuidado Personal y Bebé > Cuidado Masculino > Shampoo, Cremas y Ceras para Hombres	cuidado-personal-y-bebe/cuidado-masculino/shampoo-cremas-y-ceras-para-hombres	exact	5
Cuidado Personal y Bebé > Depilación > Ceras Depilatorias	cuidado-personal-y-bebe/depilacion/ceras-depilatorias	exact	5
Cuidado Personal y Bebé > Desodorantes > Desodorantes Gel y Crema	cuidado-personal-y-bebe/desodorantes/desodorantes-gel-y-crema	exact	5
Despensa > Harinas, Postres y Repostería > Harina Integral y Otras	despensa/harinas-postres-y-reposteria/harina-integral-y-otras	exact	5
Despensa > Harinas, Postres y Repostería > Leches Condensadas y Evaporadas	despensa/harinas-postres-y-reposteria/leches-condensadas-y-evaporadas	exact	5
Experiencias Jumbo > Comidas Preparadas > Pizzas y Focaccias	experiencias-jumbo/comidas-preparadas/pizzas-y-focaccias	exact	5
Experiencias Jumbo > Comidas Preparadas > Proteínas y Acompañamientos	experiencias-jumbo/comidas-preparadas/proteinas-y-acompanamientos	exact	5
Frutas y Verduras > Frutas y verduras orgánicas > Frutas Orgánicas	frutas-y-verduras/frutas-y-verduras-organicas	prefix	5
Hogar, Juguetería y Librería > Automóvil, Ferretería y Jardín > Limpieza de Piscinas		none	5
Hogar, Juguetería y Librería > Electro y Tecnología > Secadores, Afeitadoras y Otros		none	5
Lácteos, Huevos y Congelados > Bebidas Vegetales > Otras Bebidas Vegetales	lacteos-huevos-y-congelados/bebidas-vegetales	prefix	5
Lácteos, Huevos y Congelados > Helados y Postres > Helados de Agua	lacteos-huevos-y-congelados/helados-y-postres/helados-de-agua	exact	5
Lácteos, Huevos y Congelados > Mantequillas y Margarinas > Margarinas	lacteos-huevos-y-congelados/mantequillas-y-margarinas/margarinas	exact	5
Panadería y Pastelería > Masas y Tortillas > Masas para Pizza	panaderia-y-pasteleria/masas-y-tortillas/masas-para-pizza	exact	5
Panadería y Pastelería > Masas y Tortillas > Otras Masas	panaderia-y-pasteleria/masas-y-tortillas/otras-masas	exact	5
Panadería y Pastelería > Panadería envasada > Pan Congelado y precocido	panaderia-y-pasteleria/panaderia-envasada	prefix	5
Carnes y Pescados > Pavo > Pavo Entero	carnes-y-pescados/pavo/pavo-entero	exact	4
Cuidado Personal y Bebé > Depilación > Cremas Depilatorias	cuidado-personal-y-bebe/depilacion/cremas-depilatorias	exact	4
Cuidado Personal y Bebé > Maquillaje > Brochas y Accesorios de Maquillaje	cuidado-personal-y-bebe/maquillaje/brochas-y-accesorios-de-maquillaje	exact	4
Despensa > Café y Cafeteras > Café Descafeinado	despensa/cafe-y-cafeteras/cafe-descafeinado	exact	4
Despensa > Harinas, Postres y Repostería > Decoraciones y Toppings	despensa/harinas-postres-y-reposteria/decoraciones-y-toppings	exact	4
Despensa > Mermeladas, Miel y Otros > Syrups	despensa/mermeladas-miel-y-otros/syrups	exact	4
Despensa > Sopas, Cremas e Instantáneos > Puré Instantáneo	despensa/sopas-cremas-e-instantaneos/pure-instantaneo	exact	4
Farmacia > Bienestar Íntimo > Lubricantes Íntimos	farmacia/bienestar-intimo/lubricantes-intimos	exact	4
Frutas y Verduras > Verduras > Hierbas y Especias	frutas-y-verduras/verduras/hierbas-y-especias	exact	4
Licores, Bebidas y Aguas > Destilados > Brandy y Cognac	licores-bebidas-y-aguas/destilados/brandy-y-cognac	exact	4
Licores, Bebidas y Aguas > Licores y Spritz > Vermouth	licores-bebidas-y-aguas/licores-y-spritz/vermouth	exact	4
Limpieza > Limpieza de Ropa > Detergente para Diluir	limpieza/limpieza-de-ropa/detergente-para-diluir	exact	4
Lácteos, Huevos y Congelados > Manjar y Dulce de Leche > Dulce de Leche	lacteos-huevos-y-congelados/manjar-y-dulce-de-leche/dulce-de-leche	exact	4
Lácteos, Huevos y Congelados > Postres Refrigerados > Jaleas y Compotas	lacteos-huevos-y-congelados/postres-refrigerados/jaleas-y-compotas	exact	4
Panadería y Pastelería > Panadería envasada > Hot Dog y Hamburguesas	panaderia-y-pasteleria/panaderia-envasada	prefix	4
Panadería y Pastelería > Panadería granel > Pan Ciabatta	panaderia-y-pasteleria/panaderia-granel	prefix	4
Panadería y Pastelería > Panadería granel > Pan Tradicional	panaderia-y-pasteleria/panaderia-granel	prefix	4
Carnes y Pescados > Cerdo y Cordero > Chuletas y filetes	carnes-y-pescados/cerdo-y-cordero	prefix	3
Carnes y Pescados > Pavo > Trutros y Bistec de Pavo	carnes-y-pescados/pavo/trutros-y-bistec-de-pavo	exact	3
Chocolates, Galletas y Snacks > Chocolates > Chocolates Vegano, Sin Gluten, Orgánico	chocolates-galletas-y-snacks/chocolates/chocolates-vegano-sin-gluten-organico	exact	3
Chocolates, Galletas y Snacks > Galletas Saladas > Galletas de Soda y Agua	chocolates-galletas-y-snacks/galletas-saladas	prefix	3
Cuidado Personal y Bebé > Higiene Bucal > Hilo Dental	cuidado-personal-y-bebe/higiene-bucal/hilo-dental	exact	3
Cuidado Personal y Bebé > Maquillaje > Maquillaje Labios	cuidado-personal-y-bebe/maquillaje/maquillaje-labios	exact	3
Despensa > Conservas > Conservas de Carne	despensa/conservas/conservas-de-carne	exact	3
Farmacia > Dermocosmética > Cuidado Dermocosmético Bebé	farmacia/dermocosmetica/cuidado-dermocosmetico-bebe	exact	3
Hogar, Juguetería y Librería > Automóvil, Ferretería y Jardín > Pilas y Linternas		none	3
Hogar, Juguetería y Librería > Deportes > Fitness		none	3
Hogar, Juguetería y Librería > Deportes > Tenis, Padel y Ping Pong		none	3
Licores, Bebidas y Aguas > Bebidas Gaseosas > Bebidas Retornables	licores-bebidas-y-aguas	prefix	3
Licores, Bebidas y Aguas > Cócteles > Mojitos y Margaritas	licores-bebidas-y-aguas/cocteles/mojitos-y-margaritas	exact	3
Licores, Bebidas y Aguas > Destilados > Aguardiente y Cachaza	licores-bebidas-y-aguas/destilados/aguardiente-y-cachaza	exact	3
Licores, Bebidas y Aguas > Destilados > Tequila y Mezcal	licores-bebidas-y-aguas/destilados/tequila-y-mezcal	exact	3
Licores, Bebidas y Aguas > Licores y Spritz > Licores de Crema	licores-bebidas-y-aguas/licores-y-spritz/licores-de-crema	exact	3
Licores, Bebidas y Aguas > Vinos > Vinos Late Harvest	licores-bebidas-y-aguas/vinos/vinos-late-harvest	exact	3
Limpieza > Aerosoles y Aromatizantes	limpieza/aerosoles-y-aromatizantes	exact	3
Lácteos, Huevos y Congelados > Frutas y Pulpas Congeladas > Pulpa de Fruta	lacteos-huevos-y-congelados/frutas-y-pulpas-congeladas/pulpa-de-fruta	exact	3
Lácteos, Huevos y Congelados > Hamburguesas > Hamburguesas de Pollo	lacteos-huevos-y-congelados/hamburguesas/hamburguesas-de-pollo	exact	3
Lácteos, Huevos y Congelados > Postres Refrigerados > Flanes	lacteos-huevos-y-congelados/postres-refrigerados/flanes	exact	3
Mascotas > Otras Mascotas > Roedores	mascotas/otras-mascotas/roedores	exact	3
Quesos y Fiambres > Salchichas y Parrilleros > Prietas	quesos-y-fiambres/salchichas-y-parrilleros/prietas	exact	3
Carnes y Pescados > Cerdo y Cordero > Cordero	carnes-y-pescados/cerdo-y-cordero/cordero	exact	2
Carnes y Pescados > Mariscos > Mariscos Frescos	carnes-y-pescados/mariscos/mariscos-frescos	exact	2
Carnes y Pescados > Pavo > Carne Molida y Albóndigas de Pavo	carnes-y-pescados/pavo	prefix	2
Cuidado Personal y Bebé > Cuidado Corporal > Bienestar	cuidado-personal-y-bebe/cuidado-corporal/bienestar	exact	2
Cuidado Personal y Bebé > Depilación > Bandas Depilatorias	cuidado-personal-y-bebe/depilacion/bandas-depilatorias	exact	2
Cuidado Personal y Bebé > Depilación > Gel o Espumas de Depilación	cuidado-personal-y-bebe/depilacion/gel-o-espumas-de-depilacion	exact	2
Despensa > Mermeladas, Miel y Otros > Dulce Membrillo	despensa/mermeladas-miel-y-otros/dulce-membrillo	exact	2
Farmacia > Accesorios Médicos > Anteojos, Descanso y Protección	farmacia/accesorios-medicos/anteojos-descanso-y-proteccion	exact	2
Frutas y Verduras > Verduras > Aderezos	frutas-y-verduras/verduras/aderezos	exact	2
Hogar, Juguetería y Librería > Deportes > Fútbol		none	2
Hogar, Juguetería y Librería > Hogar > Flores y Plantas		none	2
Hogar, Juguetería y Librería > Juguetería > Puzzles y Rompecabezas		none	2
Licores, Bebidas y Aguas > Licores y Spritz > Bajativos	licores-bebidas-y-aguas/licores-y-spritz/bajativos	exact	2
Limpieza > Pisos y Muebles > Limpia Alfombras y Tapices	limpieza/pisos-y-muebles/limpia-alfombras-y-tapices	exact	2
Lácteos, Huevos y Congelados > Bebidas Vegetales > Bebidas de Soya	lacteos-huevos-y-congelados/bebidas-vegetales	prefix	2
Lácteos, Huevos y Congelados > Comidas Congeladas > Gyozas y Arrollado Primaveras	lacteos-huevos-y-congelados/comidas-congeladas/gyosas-y-arrollado-primaveras	exact	2
Lácteos, Huevos y Congelados > Yoghurt > Yoghurt Vegetal	lacteos-huevos-y-congelados/yoghurt/yoghurt-vegetal	exact	2
Mascotas > Otras Mascotas > Peces	mascotas/otras-mascotas/peces	exact	2
Panadería y Pastelería > Pastelería > Media Lunas y Bollería	panaderia-y-pasteleria/pasteleria/media-lunas-y-bolleria	exact	2
Carnes y Pescados > Pollo > Menudencias de Pollo y Otros	carnes-y-pescados/pollo/menudencias-de-pollo-y-otros	exact	1
Chocolates, Galletas y Snacks > Dulces > Barquillos y Cuchuflis	chocolates-galletas-y-snacks/dulces	prefix	1
Chocolates, Galletas y Snacks > Pastas para Cóctel y Untables > Hummus	chocolates-galletas-y-snacks	prefix	1
Cuidado Personal y Bebé > Cuidado Facial > Protectores Solares	cuidado-personal-y-bebe/cuidado-facial/protectores-solares	exact	1
Despensa > Café y Cafeteras > Cafeteras, Filtros y Tazas	despensa/cafe-y-cafeteras/cafeteras-filtros-y-tazas	exact	1
Despensa > Fideos, Pastas y Salsas	despensa/fideos-pastas-y-salsas	exact	1
Despensa > Harinas, Postres y Repostería > Polvo de Hornear y Levadura	despensa/harinas-postres-y-reposteria/polvo-de-hornear-y-levadura	exact	1
Experiencias Jumbo > Comidas Preparadas > Humitas y Pastel de Choclo	experiencias-jumbo/comidas-preparadas/humitas-y-pastel-de-choclo	exact	1
Experiencias Jumbo > Comidas Preparadas > Postres	experiencias-jumbo/comidas-preparadas/postres	exact	1
Farmacia > Accesorios Médicos > Monitoreo y Test de Diagnósticos	farmacia/accesorios-medicos/monitoreo-y-test-de-diagnosticos	exact	1
Farmacia > Accesorios Médicos > Organización de Medicamentos	farmacia/accesorios-medicos/organizacion-de-medicamentos	exact	1
Farmacia > Primeros Auxilios > Algodones	farmacia/primeros-auxilios/algodones	exact	1
Farmacia > Suplementos y Vitaminas > Suplementos Deportivos	farmacia/suplementos-y-vitaminas/suplementos-deportivos	exact	1
Hogar, Juguetería y Librería > Deportes > Ciclismo		none	1
Hogar, Juguetería y Librería > Hogar > Baño		none	1
Hogar, Juguetería y Librería > Hogar > Infantil		none	1
Hogar, Juguetería y Librería > Hogar > Navidad		none	1
Hogar, Juguetería y Librería > Librería y Escolares > Mochilas, Loncheras y Estuches		none	1
Limpieza > Aerosoles y Aromatizantes > Aromatizantes	limpieza/aerosoles-y-aromatizantes/aromatizantes	exact	1
Lácteos, Huevos y Congelados > Churrascos, Lomitos y Otros > Carpaccios y Otros	lacteos-huevos-y-congelados/churrascos-lomitos-y-otros/carpaccios-y-otros	exact	1
Lácteos, Huevos y Congelados > Frutas y Pulpas Congeladas > Smoothies y Acai	lacteos-huevos-y-congelados/frutas-y-pulpas-congeladas/smoothies-y-acai	exact	1
Lácteos, Huevos y Congelados > Hielo	lacteos-huevos-y-congelados/hielo	exact	1
Lácteos, Huevos y Congelados > Huevos > Huevos de Codorniz	lacteos-huevos-y-congelados/huevos/huevos-de-codorniz	exact	1
Lácteos, Huevos y Congelados > Leches Cultivadas y Bebidas Lácteas > Leches Cultivadas	lacteos-huevos-y-congelados/leches-cultivadas-y-bebidas-lacteas/leches-cultivadas	exact	1
Lácteos, Huevos y Congelados > Mantequillas y Margarinas > Mantecas	lacteos-huevos-y-congelados/mantequillas-y-margarinas/mantecas	exact	1
Lácteos, Huevos y Congelados > Nuggets, Apanados y Embutidos > Embutidos y Otros	lacteos-huevos-y-congelados/nuggets-apanados-y-embutidos/nuggets-y-apanados-de-verduras/embutidos-y-otros	exact	1
Mascotas > Gatos > Accesorios y Juguetes Gatos	mascotas/gatos/accesorios-y-juguetes-gatos	exact	1
Panadería y Pastelería > Panadería envasada	panaderia-y-pasteleria	prefix	1
Panadería y Pastelería > Panadería envasada > Pan Rallado	panaderia-y-pasteleria/panaderia-envasada	prefix	1
Panadería y Pastelería > Panadería granel	panaderia-y-pasteleria	prefix	1
